<?xml version="1.0" encoding="UTF-8" ?>
<resource class="com.linoma.ga.projects.resources.FTPResource">
	<primaryContactName />
	<primaryContactPhone />
	<primaryContactEmail />
	<secondaryContactName />
	<secondaryContactPhone />
	<secondaryContactEmail />
	<resourceName>XCOM-eICBS</resourceName>
	<domainName>Default</domainName>
	<resourceDescription>e-ICBS XCOM Bogotá Develop</resourceDescription>
	<host>10.130.2.126</host>
	<port>990</port>
	<user>AthXCOMeICBS</user>
	<password>w2cgdQ5bpXFunPDr02ukUA==</password>
	<passwordIsEncrypted>true</passwordIsEncrypted>
	<passwordIsRecoverable>false</passwordIsRecoverable>
	<account />
	<passive />
	<dataConnectionStartPort />
	<dataConnectionEndPort />
	<timeout />
	<connectionRetryAttempts />
	<connectionRetryInterval />
	<initialRemoteDirectory />
	<controlEncoding />
	<throttleBandwidth />
	<listParser />
	<dateFormat />
	<recentDateFormat />
	<proxyType />
	<proxyHost />
	<alternateProxyHost />
	<proxyPort />
	<proxyUser />
	<proxyPassword />
	<proxyPasswordIsEncrypted />
	<proxyPasswordIsRecoverable />
	<resolveAtProxy />
</resource>