<?xml version="1.0" encoding="UTF-8"?>
<project name="RQ35318_Archivos_ABONOS_S3_Banco" mainModule="Main" version="2.0" logLevel="verbose">
	<description>Realiza la transmisión de los archivos ABONOS de S3 al Banco</description>

	<module name="Main">

		<setVariable label="Modulo" name="modulo" value="Modulo Main" version="2.0" />


		<setVariable label="Nombre del proyecto" name="nombreProyecto" value="${system.project.name}" version="2.0" />


		<setVariable label="Fecha archivo" name="fechaArchivo" value="${CurrentDate(&apos;ddMMyyyy&apos;)}" version="2.0" />


		<setVariable label="Expresion regular" name="expresionRegular" value="${Replace(RQ35318_expr_reg_disper_ABONOS_deb, &apos;---&apos;, fechaArchivo)}" version="2.0" />


		<setVariable label="listFiles" name="listFiles" value="null" version="2.0" />


		<setVariable label="numFiles" name="numFiles" value="0" version="2.0" />


		<setVariable label="Codigo del flujo" name="codigoFlujo" value="0" version="2.0" />


		<setVariable label="Mensaje del flujo" name="mensajeFlujo" value="null" version="2.0" />


		<setVariable label="Error" name="error" value="0" version="2.0" />


		<setVariable label="Exitoso" name="exitoso" value="0" version="2.0" />


		<setVariable label="pathWorkSpace" name="pathWorkSpace" value="${RQ35318_rutaGAW}${system.job.id}" version="2.0" />


		<mkdir label="Create Work Space" dir="${pathWorkSpace}" version="1.0" executeOnlyIf="${(FileInfo(pathWorkSpace):exists)==false}" />


		<setVariable label="file" name="file" value="null" version="2.0" />


		<setVariable label="numArchivos" name="numArchivos" value="0" version="2.0" />


		<callModule label="Call Transmitir Archivos S3" module="Transmitir Archivos S3" version="1.0" disabled="false" />


		<callModule label="Call Transmitir Archivos GAW" module="Transmitir Archivos GAW" version="1.0" executeOnlyIf="${error==&apos;0&apos;}" />


		<callModule label="Call Transmitir Archivos XCOM" module="Transmitir Archivos XCOM" version="1.0" executeOnlyIf="${error==&apos;0&apos;}" disabled="false" />

	</module>


	<module name="Transmitir Archivos S3" description="Transmitir Archivos S3 a GAW">

		<print label="Logger" version="1.0">
			<![CDATA[***********************************
* Traer Archivos De S3 a GAW*
***********************************]]>
		</print>


		<setVariable label="Modulo" name="modulo" value="Transmitir Archivo S3" version="2.0" />


		<copy destDir="${pathWorkSpace}" whenFileExists="overwrite" numFilesCopiedVariable="numArchivos" destinationFilesVariable="${file}" version="1.0" onError="setVariable:error=1">
			<fileset dir="${RQ35318_ruta_ABONOS_S3}">
				<regexFilter>
					<include pattern="${expresionRegular}" caseSensitive="true" />
				</regexFilter>
			</fileset>
		</copy>

		<if condition="${error&lt;&gt;&apos;0&apos;}">

			<callModule label="Call Alarma SiteScope [Error]" module="Alarma SiteScope" version="1.0" disabled="false" />


			<raiseError label="Error" version="1.0" />

		</if>
		<if condition="${numArchivos==&apos;0&apos;}">

			<callModule label="Call Alarma" module="Alarma" version="1.0" />


			<raiseError label="Error" version="1.0" onError="abort">
				<message>[ERROR]:Archivo no encontrado</message>
			</raiseError>

		</if>
	</module>


	<module name="Transmitir Archivos GAW" description="Transmitir Archivos GAW" disabled="false">

		<print label="Logger" version="1.0">
			<![CDATA[***********************************
* Enviar archivos de GAW a XCOM*
***********************************]]>
		</print>


		<setVariable label="Modulo" name="modulo" value="Transmitir Archivos GAW" version="2.0" />


		<ftp resourceId="${RQ35318_recursoXcom}" timeout="10" connectionRetryAttempts="3" connectionRetryInterval="3" version="1.0" onError="call:Alarma">
			<put sourceFilesVariable="${file}" destinationDir="${RQ35318_rutaXCOM}" destinationFilesVariable="listFiles" numFilesUploadedVariable="numFiles" />
		</ftp>

	</module>


	<module name="Transmitir Archivos XCOM" description="Transmite los archivos de XCOM al banco">

		<print label="Looger" version="1.0">
			<![CDATA[**********************************
* Transmitir Archivos XCOM ATH a Banco *
**********************************]]>
		</print>


		<setVariable label="Modulo" name="modulo" value="Transmitir Archivos XCOM" version="2.0" />

		<forEachLoop itemsVariable="${listFiles}" currentItemVariable="file">

			<setVariable label="Nombre del archivo" name="nameFile" value="${FileInfo(String(file)):name}" version="2.0" />


			<callRemoteProject resourceId="Agente XCOM" project="/Generico/trasmision_xcom_generico" mode="interactive" statusCodeOutputVariable="${codigoFlujo}" messageOutputVariable="${mensajeFlujo}" version="1.0" disabled="false" onError="continue">
				<variable name="archivo" value="${nameFile}" />
				<variable name="rutaArchivo" value="${RQ35318_XCOMGenerico}" />
				<variable name="rutaDestino" value="${RQ35318_rutaDestinoBanco}" />
				<variable name="archivoXmlConexionXcom" value="${RQ35318_archivoXmlConexionXcom}" />
				<variable name="archivoBatEjecucion" value="${RQ35318_archivoBatEjecucion}" />
				<variable name="intentosTrasmision" value="${RQ35318_intentosTransmision}" />
				<variable name="eliminarArchivoXcom" value="false" />
			</callRemoteProject>

			<if label="Si hubo un error al enviar el archivo" condition="${codigoFlujo&lt;&gt;0 AND NotContains(mensajeFlujo, &apos;Attempting to create an existing file&apos;) }">
				<else label="No hubo error al enviar el archivo">

					<setVariable label="Exitoso" name="${exitoso}" value="1" version="2.0" />


					<callModule label="Call Proceso Exitoso" module="Proceso Exitoso" version="1.0" />

				</else>

				<setVariable label="Error" name="${error}" value="1" version="2.0" disabled="false" />


				<callModule label="Call Alarma" module="Alarma" version="1.0" />

			</if>
		</forEachLoop>
		<if condition="${error&lt;&gt;&apos;0&apos;}">
			<if label="Valida que hay archivos en XCOM" condition="${IsNotEmpty(String(nameFile))}">

				<raiseError label="Error" version="1.0" />

			</if>
		</if>
	</module>


	<module name="Proceso Exitoso" description="Se indica que el proceso fue ejecutado exitosamente y se envía una notificación.">

		<print label="Logger" version="1.0" logLevel="debug" onError="continue">
			<![CDATA[***************************************************
**                    AVISO                     **
***************************************************
sujeto ::::: 
Proyecto ${nombreProyecto} se ejecutó exitosamente
***************************************************]]>
		</print>


		<setVariable label="Modulo" name="modulo" value="Proceso Exitoso" version="2.0" />


		<sendEmail resourceId="ATH" toList="${RQ35318_CorreosExitoso}" keyLocation="KeyVault" version="2.0">
			<from address="${RQ35318_correosOrigen}" keyLocation="KeyVault" />
			<subject>
				<![CDATA[Transmisión de Archivo Exitosa - ASD]]>
			</subject>
			<message>
				<![CDATA[${RQ35318_mensaje_correo_ABONOS_S3} ${nombreProyecto} ${fechaArchivo}]]>
			</message>
		</sendEmail>


		<ftp resourceId="${RQ35318_recursoXcom}" version="1.0">
			<delete>
				<fileset dir="${RQ35318_rutaXCOM}">
					<regexFilter>
						<include pattern="${expresionRegular}" caseSensitive="true" />
					</regexFilter>
				</fileset>
			</delete>
		</ftp>


		<callModule label="Call Alarma SiteScope [Exitoso] " module="Alarma SiteScope" version="1.0" disabled="false" />

	</module>


	<module name="Alarma" description="Modulo para generar una alarma en caso de que salga algún error en todo el flujo" onError="call:Alarma SiteScope">

		<print label="Log" version="1.0" logLevel="debug" onError="continue">
			<![CDATA[***************************************************
***                                 ALARMA                                   * **
***************************************************
sujeto ::::: 
Proyecto ${nombreProyecto} Fallo
mensaje :::::: 
El proyecto ${nombreProyecto} Fallo por la siguiente razon:
${error}/Se encontro ${numArchivos} archivos para realizar la trasferiancia, validar ruta origen y extensión del archivo.
***************************************************]]>
		</print>

		<if condition="${IsNotEmpty(RQ35318_correosDestinoError) or IsNotEmpty(RQ35318_correosOrigen)}" disabled="false">

			<sendEmail label="Envía Correo" resourceId="ATH" toList="${RQ35318_correosDestinoError}" keyLocation="KeyVault" version="2.0">
				<from address="${RQ35318_correosOrigen}" keyLocation="KeyVault" />
				<subject>
					<![CDATA[Proyecto ${nombreProyecto} Fallo]]>
				</subject>
				<message>
					<![CDATA[El proceso ${nombreProyecto} falló por la siguiente razon:
${system.carriageReturn}${system.lineFeed}
${CurrentDate()} ${CurrentTime()}:-> Punto de Fallo: ${modulo}${system.carriageReturn}${system.lineFeed}->
${error}]]>
				</message>
			</sendEmail>

			<else>

				<raiseError label="Error Correos Vacios" version="1.0">
					<message>El campo correos se encuentra vacío, por favor verifiquelo siguiendo las instrucciones.</message>
				</raiseError>

			</else>
		</if>

		<callModule label="Call Alarma SiteScope [Error]" module="Alarma SiteScope" version="1.0" disabled="false" />

	</module>


	<module name="Alarma SiteScope" description="Genera archivo de alarma para la plataforma SiteScope" onError="setVariable:moduloError=Alarma SiteScope">
		<if condition="${error&lt;&gt;&apos;0&apos; or numArchivos==&apos;0&apos;}">

			<setVariable label="Nombre Proyecto Log" name="nombreProyectoLog" value="${system.project.name}:ERROR" version="2.0" />


			<setVariable label="Resultado Proceso" name="resultadoProceso" value="ERROR: Los archivos de ${nombreProyectoLog} S3 NO fueron transmitidos al servidor del Banco correctamente." version="2.0" />

			<else>

				<setVariable label="Modulo" name="modulo" value="NO APLICA" version="2.0" />


				<setVariable label="Nombre Proyecto Log" name="nombreProyectoLog" value="${system.project.name}:EXITOSO" version="2.0" />


				<setVariable label="Resultado Proceso" name="resultadoProceso" value="EXITOSO: Los archivos de ${nombreProyectoLog} S3 fueron transmitidos al servidor del Banco correctamente." version="2.0" />

			</else>
		</if>

		<setVariable label="Ruta log" name="rutaLog" value="${RQ35318_ruta_log}${nombreProyecto}" version="2.0" />


		<mkdir label="Crear ruta log" dir="${rutaLog}" version="1.0" executeOnlyIf="${FileInfo(rutaLog):exists==false}" />


		<print label="Genera LOG SiteScope" file="${rutaLog}/${nombreProyecto}_${CurrentDate(&apos;yyyyMMdd&apos;)}.log" append="true" version="1.0" logLevel="debug">
			<![CDATA[************************************************************************${system.carriageReturn}${system.lineFeed}************************************************************************${system.carriageReturn}${system.lineFeed}
${CurrentDate()} ${CurrentTime()}:-> Inicio del proceso de transmisión de archivos: ${nombreProyectoLog}${system.carriageReturn}${system.lineFeed}
${CurrentDate()} ${CurrentTime()}:-> Servidor Origen: ${RQ35318_ipOrigen}${system.carriageReturn}${system.lineFeed}
${CurrentDate()} ${CurrentTime()}:-> Servidor Destino: ${RQ35318_ipDestino}${system.carriageReturn}${system.lineFeed}
${CurrentDate()} ${CurrentTime()}:-> Archivos: ${numArchivos}->${file}${system.carriageReturn}${system.lineFeed}
Archivo Destino: ${numArchivos}->${file}${system.carriageReturn}${system.lineFeed}
${CurrentDate()} ${CurrentTime()}:-> Punto de Fallo: ${modulo}${system.carriageReturn}${system.lineFeed}
${CurrentDate()} ${CurrentTime()}:-> ${resultadoProceso}${system.carriageReturn}${system.lineFeed}]]>
		</print>


		<delete label="Delete Work Space" dir="${pathWorkSpace}" version="1.0" executeOnlyIf="${FileInfo(pathWorkSpace):exists}" />

	</module>

</project>
