<?xml version="1.0" encoding="UTF-8" standalone="no"?>
<secureForm>
<name>RQ35343_Archivos_CashIn_CB_ATH_Banco_manual</name>
<description>Formulario Manual para archivos CashIn_CB_ATH</description>
<type>1</type>
<domain>Default</domain>
<title>RQ35343_Archivos_CashIn_CB_ATH_Banco_manual</title>
<instructions/>
<status>A</status>
<publicAccess>false</publicAccess>
<publicURL>RQ35343_Archivos_CashIn_CB_ATH_Banco_manual</publicURL>
<includeBranding>true</includeBranding>
<redirectOnSuccess>false</redirectOnSuccess>
<redirectOnSuccessURL/>
<createdBy>ladame</createdBy>
<createdOn>1603314593788</createdOn>
<modifiedBy>ladame</modifiedBy>
<modifiedOn>1603314593788</modifiedOn>
<projectLocation>/S3/K7/RQ35343/RQ35343_Archivos_CashIn_CB_ATH_Banco_manual</projectLocation>
<runUser>ladame</runUser>
<userPassword>CUI+imrnZ9QO3aa2x4+dQA==</userPassword>
<jobName/>
<componentSequence>3</componentSequence>
<componentVersion>1</componentVersion>
<webClientEnabled>true</webClientEnabled>
<soapEnabled>false</soapEnabled>
<restEnabled>false</restEnabled>
<allowEmbedding>0</allowEmbedding>
<allowEmbeddingFrom/>
<webGroups/>
<webUsers>
<webUser>formulario</webUser>
<webUser>ladame</webUser>
<webUser>prv_jgaona</webUser>
<webUser>prv_lmmalaver</webUser>
</webUsers>
<projectVariables/>
<components>
<row id="1643-0">
<column id="1643-1">
<date id="1643-2" label="Fecha Consulta" required="true" variableName="fechaConsulta"/>
</column>
</row>
</components>
</secureForm>
