<?xml version="1.0" encoding="UTF-8" standalone="no"?>
<secureForm>
<name>RQ35320_Archivos_UAIF_S3_Banco_manual</name>
<description>Formulario Manual para archivos UAIF</description>
<type>1</type>
<domain>Default</domain>
<title>RQ35320_Archivos_UAIF_S3_Banco_manual</title>
<instructions/>
<status>A</status>
<publicAccess>false</publicAccess>
<publicURL>RQ35320_Archivos_UAIF_S3_Banco_manual</publicURL>
<includeBranding>true</includeBranding>
<redirectOnSuccess>false</redirectOnSuccess>
<redirectOnSuccessURL/>
<createdBy>ladame</createdBy>
<createdOn>1599595402220</createdOn>
<modifiedBy>ladame</modifiedBy>
<modifiedOn>1600728701655</modifiedOn>
<projectLocation>/S3/K7/RQ35320/RQ35320_Archivos_UAIF_S3_Banco_manual</projectLocation>
<runUser>ladame</runUser>
<userPassword>CUI+imrnZ9QO3aa2x4+dQA==</userPassword>
<jobName/>
<componentSequence>6</componentSequence>
<componentVersion>1</componentVersion>
<webClientEnabled>true</webClientEnabled>
<soapEnabled>false</soapEnabled>
<restEnabled>false</restEnabled>
<allowEmbedding>0</allowEmbedding>
<allowEmbeddingFrom/>
<webGroups/>
<webUsers>
<webUser>formulario</webUser>
<webUser>ladame</webUser>
<webUser>prv_jgaona</webUser>
<webUser>prv_lmmalaver</webUser>
</webUsers>
<projectVariables/>
<components>
<row id="1596-3">
<column id="1596-4">
<textfield autocomplete="true" defaultValue="" id="1596-5" label="Fecha Consulta" placeholder="" required="true" showToolTip="mouseenter" tooltip="" variableName="fechaConsulta" width="50"/>
</column>
</row>
</components>
</secureForm>
