<?xml version="1.0" encoding="UTF-8" ?>
<resource class="com.linoma.ga.projects.resources.AmazonS3Resource">
	<primaryContactName />
	<primaryContactPhone />
	<primaryContactEmail />
	<secondaryContactName />
	<secondaryContactPhone />
	<secondaryContactEmail />
	<resourceName>staging-k7-novo-conciliacion</resourceName>
	<domainName>Default</domainName>
	<resourceDescription />
	<accessKey>AKIATEHSPNBGS27APE5K</accessKey>
	<secretKey>PJ3gYfaSZRqUTF5zodX5GFAp6b4+B62NVaWrP1USy54KpPuS6KjIdJ3wyCe441OZ</secretKey>
	<secretKeyIsEncrypted>true</secretKeyIsEncrypted>
	<secretKeyIsRecoverable>false</secretKeyIsRecoverable>
	<bucketName>staging-k7-novo-conciliacion</bucketName>
	<region>us-east-1</region>
	<serverSideEncryption />
	<kmsKeyAlias />
	<rootDir />
	<endpoint />
	<timeout>30</timeout>
	<uploadPartSize />
	<proxyType>http</proxyType>
	<proxyHost>10.129.130.52</proxyHost>
	<alternateProxyHost />
	<proxyPort>8002</proxyPort>
	<proxyUser />
	<proxyPassword />
	<proxyPasswordIsEncrypted />
	<proxyPasswordIsRecoverable />
	<resolveAtProxy>true</resolveAtProxy>
</resource>